longitude,latitude,Place
13.7803627,8.7712794, North
78.6677428,22.3511148, India
85.43884569,23.9675151, Hazaribagh
91.2999102,25.5379432, Meghalaya
78.08534856,32.370901, Spiti
77.37572452,28.6628814, Vasundhara
77.3105561,28.4031478, Faridabad
79.41548094,29.29478295, Nainital
77.4894654,31.9986508, Kheerganga
77.1709729,31.1041526, Shimla
74.0114543,15.5626483, Sankhali
72.878176,19.0785451, Mumbai
85.1235252,25.6093239, Patna
85.906508,25.6440845, Bihar
103.9449845,1.32344785, Eco
-105.7561639,39.1089299, Park
88.3638953,22.5726459, Kolkata
77.2219388,28.6517178, Delhi
78.0098161,27.1752554, Agra
75.8189817,26.9154576, Jaipur
88.4338904,22.6671632, Nilachal
-97.0881654,31.9595085, Hill
91.753943,26.1805978, Guwahati
91.70535304,26.1666801, Kamakhya
-97.3427847,31.098207, Temple
-0.075695424,46.2021241, Chail
4.3487044,50.8477735, Palace
77.08200509,30.92589585, Solan
85.3250387,23.3700501, Ranchi
77.6938045,27.5753726, Vrindavan
94.5884911,26.1630556, Nagaland
77.76822875,29.00065255, Maratha
76.25,32.166667, Kangra
73.7684549,26.8105777, Rajasthan
72.8308998,19.05842505, Chardham
-3.8085408,40.4380572, Yatra
78.9398699,30.9943684, Gangotri
81.6628742,19.5885769, Kondagaon
78.1140983,9.9261153, Madurai
78.4740613,17.360589, Hyderabad
73.7388707,15.5975195, Vagator
-104.0043728,46.9180689, Beach
93.9364419,24.7991162, Imphal
93.9229386,24.7208818, Manipur
6.7033325,51.4286611, Femina
-89.7348497,32.9715285, Miss
76.23086566,32.518429, Chamba
76.5120396,10.3528744, Kerala
-3.2058774,55.9459957, Beautiful
-91.5348875,41.5541855, Hills
77.0731537,10.2243433, Eravikulam
-80.0383863,39.5863598, National
74.0855134,15.3004543, Goa
-80.0297464,40.3228666, Munroe
-18.1059013,64.9841821, Island
-122.7776556,39.0505411, Lake
-76.9238532,43.2264547, Resort
76.76326541,34.68003015, Kashmir
93.2551303,26.4073841, Assam
94.9114557,27.0631912, Borpukhuri
77.34932052,31.81676015, Himachal
80.859666,27.1303344, Pradesh
172.507278,-42.414, Rokeby
-97.555905,30.3420882, Manor
89.2343748,51.2086975, Asia
92.112894,25.4115511, Umngot
1.274811068,51.1410065, River
92.0215717,25.1856343, Dawki
81.75,25.75, Pratapgarh
79.84482,6.9343455, Fort
75.6741579,18.9068356, Maharashtra
83.0076292,25.3356491, Varanasi
93.3961114,26.6010242, Kaziranga
76.9628425,11.0018115, Coimbatore
-100.445882,39.7837304, US
73.6862571,24.578721, Udaipur
-79.47351,43.6656329, Leela
-84.8105037,38.4278468, New
73.4669499,16.06064, Malvan
77.6128533,13.8019039, Jatayu
-102.4107493,34.2331373, Earth
1.1443182,51.087821, Himalayan
122.524724,11.4432962, Mountains
24.24203487,56.99596425, Starts
88.45413639,27.601029, Sikkim
73.96235328,15.28976205, Jawaharlal
-7.204735102,53.346792, Road
80.3964043,28.6432554, Baisakhi
47.5255809,-18.9100122, Tana
127.71006,35.16397, Agyang
-99.8860216,32.3434532, View
-95.8713542,32.9315089, Point
-1.914662598,11.675305, Ziro
32.6060423,0.3132141, Lower
94.31944632,27.21097645, Subansiri
73.3438185,18.787747, Khopoli
73.13807095,18.4928092, Raigad
94.6629437,28.6750796, Yomgo
6.7765424,46.1916251, Festival
88.5165449,28.2766151, Kamba
78.2916193,30.1086537, Rishikesh
72.9701779,19.1943294, Thane
-107.085,31.8127778, Mount
134.7674637,35.4044647, Abu
84.01821107,24.9001003, Sasaram
-0.103598925,51.5276441, City
40.2694068,40.947642, of
77.51160822,10.27327535, Kodaikanal
77.60912867,9.5601364, Srivilliputhur
-8.6372772,40.4612298, Andal
96.1644358,16.7741043, Great
82.0235715,19.0870758, Jagdalpur
127.6961188,36.638392, South
147.1257091,-7.8800271, Guru
-15.9460511,14.1682485, Kirpa
20.0272711,49.6194753, Know
94.6394226,26.9834936, Sivasagar
-121.8938787,37.336192, District
91.8825282,25.5760446, Shillong
77.18812183,32.26309405, Manali
76.3196717,32.2143039, Dharamshala
78.1573628,26.2037247, Gwalior
84.461351,18.8484265, Madhya
76.5,27.5, Alwar
14.178373,3.9894393, East
123.0087698,8.4257865, Tamil
78.0700306,27.274378, Nadu
34.5731341,0.5090396, West
81.6172835,28.5970805, Khasi
-9.125862142,38.71227885, Maquinez
73.8282141,15.4989946, Panjim
35.12449292,0.22539325, üì∑Nandi
75.7223521,14.5203896, Karnataka
80.9346001,26.8381, Lucknow
83.3012842,17.7231276, Visakhapatnam
109.4246698,-7.0381723, Purana
71.681389,34.415556, Qila
-54.4590898,-29.5637643, Mata
77.3789964,32.00186325, Kullu
-73.6217069,44.2283017, Lush
-85.5346302,37.2433976, Green
88.69827695,27.3257569, Gangtok
84.41448983,24.786306, Aurangabad
92.2099596,25.9983681, Umiam
-85.9228997,39.4735045, Bengal
-91.7968415,38.6219868, Deer
91.7292416,25.2777336, Sohra
91.7292416,25.2777336, Cherrapunji
76.7839109,9.8040499, Ilaveezha
76.09110571,10.53413095, Poonchira
76.9797914,9.8497872, Idukki
76.64553257,9.6287383, Kottayam
76.2741457,9.98408, Ernakulam
76.41241429,9.5006651, Alappuzha
76.9737443,9.2780841, Pathanamthitta
76.76472369,9.79774225, Melukavu
-121.8938787,37.336192, district
76.76444289,9.88303525, Thodupuzha
88.4309916,26.7164127, Siliguri
-86.886673,39.0819899, Tulip
-102.3392806,41.6440533, Garden
85.84553114,20.380465, Nandankanan
-0.152816415,51.53676495, Zoological
85.8394521,20.2602964, Bhubaneswar
92.25,25.5, Jaintia
8.2319736,46.7985624, Switzerland
85.0079563,24.7964355, Gaya
-98.9805484,41.5595723, Valley
77.58227188,32.5038495, Lahaul
76.4034694,10.1338523, Chowara
76.947551,8.4882267, Thiruvananthapuram
92.8687612,23.2146169, Mizoram
79.0820556,21.1498134, Nagpur
14.39326466,50.10934595, International
25.3505677,64.93154595, Airport
-83.7229585,9.5570582, Hotel
92.2099596,25.9983681, üì∑Umiam
12.88588808,42.41473635, Ri
76.2563825,32.1870449, Bhoi
81.38339469,18.8640648, Dantewada
55.18853865,25.07428235, Dubai
76.99796611,30.85844455, Kasauli
79.5678952,10.8206435, Tiruvarur
88.1483381,27.701126, Kanchenjunga
78.833333,10.5, Pudukkottai
76.78414567,30.72984395, Chandigarh
80.270186,13.0836939, Chennai
75.8558916,26.9888269, Amber
90.4384171,29.2405562, Brahmaputra
80.91800397,25.8435395, Fatehpur
77.0737325,27.5767311, Sikri
76.45597609,26.01856915, Ranthambore
90.5119273,27.549511, Bhutan
77.6568576,33.9456407, Ladakh
85.7105362,23.6320271, Rajrappa
85.53691565,23.59877595, Ramgarh
80.1936497,12.6195981, Mahabalipuram
-96.9262126,31.2320941, Falls
-8.1353519,39.6621648, Portugal
-8.553692,51.8550758, Waterfall
90.03410406,23.42531005, Reservoir
76.2802137,32.2802168, Kareri
75.8159703,15.9484334, Pattadakal
84.0917139,28.1083929, Nepal
100.8601022,14.6240563, Sri
80.7137847,7.5554942, Lanka
71.745261,22.3850051, Gujarat
83.2777696,27.4823171, Lumbini
78.402548,17.4592214, Vivekananda
-96.2574328,43.6733632, Rock
77.5499338,8.079252, Kanyakumari
84.49504715,26.4110701, Manjha
44.3764101,40.3299561, Karbi
93.5,26, Anglong
72.957028,25.2169493, Jawai
4.892514817,52.3732432, Dam
2.3483915,48.8534951, Pali
9.033333,12.433333, Kuttu
15.4651489,50.5348451, Jiva
82.2052321,26.7990707, Ayodhya
5.466415391,50.5459583, Memorial
93.8026804,25.5403215, Dzukou
80.1863809,15.9240905, Andhra
8.6420159,46.7864413, Uri
74.36221081,34.20500565, Baramulla
72.95933219,19.22572325, Nilgiri
76.7030504,11.4126769, Ooty
75.1483915,28.0558375, Mandawa
70.9191144,26.921761, Jaisalmer
73.0351433,26.2967719, Jodhpur
78.7505386,28.8650133, Maryada
83.16898894,19.9045137, Purushottam
76.0597217,32.5485701, Khajjiar
80.7993744,24.289214, Dolani
79.7043943,29.7712691, Jain
75.9611641,10.7065866, Ayirur
-122.2106864,47.703618, Kathakali
79.1151663,17.8495919, Telangana
73.01836742,26.2980001, Mehrangarh
81.57552603,28.94995605, Chamunda
73.0495828,33.2080996, Devi
88.69827695,27.3257569, GANGTOK
10.7190336,3.9986535, Dibang
78.82083629,33.706991, Pangong
77.48487446,34.82495245, Nubra
1.8191681,43.3448338, Mandore
12.3345898,45.4371908, Venice
79.8356831,10.9236687, Kailasanathar
100.83273,14.8971921, Tai
95.5729401,27.2889062, Khamyang
95.06426298,27.06971635, Charaideo
78.0782906,30.4569012, Mussoorie
93.2848263,23.6595998, Murlen
74.8736788,31.6343083, Amritsar
-0.12765,51.5073359, London
-80.75252763,28.2526915, Gatwick
87.20787306,25.30946375, Gopalpur
41.0025614,20.4955594, NSB
30.7433897,28.117915, Square
19.25705417,47.43863905, Tower
-83.6214408,31.7031592, Turner
73.02283,26.2863, Govind
73.9639227,32.6576632, Mandir
6.05426,46.2297064, Nataraja
79.1381497,10.7860267, Thanjavur
79.37173036,10.9645549, Kumbakonam
80.26122583,13.06264235, Taj
4.9833,44.5991, Manas
77.3464308,10.2240774, Mannavanur
73.9591629,15.2744076, Konkani
87.68485935,23.6802822, Chaiti
86.01164406,26.82102815, Chhath
82.98821332,28.23875675, Puja
76.7757161,21.1720349, Wari
26.904534,37.7034623, Chora
79.2843098,20.4147656, Tadoba
76.9149498,30.8042411, Pinjore
-102.3392806,41.6440533, garden
76.7356752,11.4006926, Doddabetta
-71.1348202,-54.0540254, Peak
76.7246645,11.3883385, Manthada
-0.3943799,9.6600005, Northern
92.8000844,24.8315811, Guwahati-Silchar
74.6244155,24.8837157, Chittorgarh
76.0544014,32.6207437, Khab
1.1252825,51.2455894, Bridge
-43.2001382,-22.9601343, Nyingma
-61.6197489,45.6093765, Monastery
91.863733,27.5879186, Tawang
94.5921326,28.0937702, Arunachal
79.69979037,12.84728785, Ekambaranathar
-1.3455117,49.2174798, Red
80.25,24.5, Panna
79.9259786,24.8515132, Khajuraho
79.9497702,23.1608938, Jabalpur
92.75192292,22.898553, Lunglei
3.7070719,43.935142, Ganges
26.4745645,45.35234, Anini
96.1667765,27.2368905, Pangsau
20.5775047,52.2088904, Pass
18.3517467,45.7888785, Old
-60.954661,13.7292351, Town
74.39212,34.04897, Gulmarg
-3.169464741,53.3968991, Landour
72.5797068,23.0216238, Ahmedabad
76.5982748,8.9586594, Ashtamudi
76.9270966,9.0231615, Kallada
93.81323764,24.5584253, Loktak
75.7393253,26.8931734, Chanakya
92.6538953,23.9343146, Khamrang
-88.3147539,41.7571701, Aurora
4.021761,50.1821204, Village
84.7301184,21.5370786, Deogarh
77.583333,27.633333, Mathura
79.5970954,17.9820644, Warangal
78.6422235,17.436614, Pocharam
-88.165028,31.845884, Wildlife
-108.0710881,50.9888638, Sanctuary
78.21174499,17.9375095, Medak
78.8662482,17.865788, Kondapochamma
78.75911361,23.80961225, Sagar
78.89611305,18.0055851, Siddipet
27.12263724,58.56927605, Rupsi
-94.3452461,42.7171946, Unique
88.9477937,25.2758033, Shri
81.02572814,16.21399145, Krishna
75.5034327,24.0134414, Parsi
75.7754716,11.2450558, Kozhikode
1.8883335,46.603354, France
77.401989,23.2584857, Bhopal
75.2357697,24.1681529, Nahargarh
-117.7434445,33.6996353, Journey
78.3695769,27.1242347, Yamuna
88.7566799,27.3754372, Tsomgo
88.8309565,27.3868116, Nathula
10.4339911,26.0198133, Gate
70.5381333,21.5142022, Girnar
-1.4288825,52.2274495, Ropeway
46.2393702,33.8450001, Sharif
74.8580917,32.7185614, Jammu
78.1452985,29.9384473, Haridwar
121.0093097,14.4206094, Silicon
73.8119741,15.5926511, Mapusa
27.5147504,-21.0244816, North-East
9.9300163,53.5591194, Odissi
92.4206519,27.264445, Bomdila
105.814,24.759, Kameng
80.7592749,24.260444, Maihar
80.7055827,29.9860404, Sharda
8.250506601,49.42844525, Kunzum
84.9937642,24.6962612, Bodh
-6.3143065,32.5005267, Sharika
74.8204443,34.0747444, Srinagar
79.5207617,29.3822832, Bhowali
7.4770924,48.6658393, Range
8.7876653,61.1529386, Norway
76.9193876,15.1433952, Bellary
-6.341041172,56.99764325, Ram
9.8058264,49.9354788, Mohan
87.2073972,23.13195425, Bankura
-156.730543,21.1350826, Kuala
112.6449129,-7.1510268, Lumpur
73.7894712,15.5485692, Saligao
76.57008924,32.32474705, Holi
36.90436133,-3.3253383,2
37.389973,38.135036, Malab
4.021761,50.1821204, village
76,29, Haryana
85.63255035,23.3498853, Gautamdhara
54.0808149,17.0162166, Dazzling
85.1445776,25.95322565, Vaishali
79.547882,29.3582395, Bharatpur
78.6677428,22.3511148, INDIA
87.6962424,23.661154, Bolpur
2.6030327,42.0092186, Amer
117.8902853,-2.4833826, Indonesia
91.1704736,29.6553895, Lhasa
8.10521,11.949607, Garo
10.4339911,26.0198133, Ghat
102.4437497,53.9288192, Holy
84.1137187,25.7240512, Ganga
5.86487,47.321, Pin
90.8749807,29.8556443, Bada
48.3109721,36.9768995, Bagh
10.8483819,49.7770116, Wind
94.7605282,27.4083154, Bogibeel
94.9019447,27.4844597, Dibrugarh
27.5147504,-21.0244816, Northeast
100.83273,14.8971921, Thailand
86.9163367,27.985688, Himalayas
-103.6666671,20.3333331, Jal
24.0456887,46.9752007, Mahal
74.6676564,33.8213888, Yusmarg
78.53166686,31.311645, Sangla
75.7449481,13.8552057, Vijayanagara
78.6757171,20.7736903, Dham
76.47458498,11.61912515, Mudumalai
84.06401818,21.5511333, Sasan
10.366667,9.433333, Gir
78.65242146,25.5301308, Jhansi
77.18097437,28.543904, Vikramshila
85.906508,25.6440845, BIHAR
78.780634,19.364612, Lakaram
80.1566039,17.2438499, Tankbund
-85.5880031,32.1965373, Suspension
80.333333,17.5, Khammam
87.89184423,24.8698827, Radhanagar
93,7, Nicobar
-9.088528017,52.7999972, Islands
77.0878766,31.2487174, Tattapani
97.7453061,64.6863136, Russia
79.5832854,17.1680521, Pillalamarri
77.95911462,16.69656855, Mahabubnagar
-88.4864316,37.3672744, Golconda
78.1021771,19.1762598, Kuntala
13.3888599,52.5170365, Berlin
83.73254275,24.890091, Rampur
88.4723676,27.0702869, Kalimpong
74.639,26.4691, Ajmer
-80.19362,25.7741728, Miami
121.1896613,14.6012578, Foliage
79.6480433,29.4720782, Mukteshwar
79.50454752,20.0967555, Chandrapur
77.1553898,31.1027322, Kalka-Shimla
32.91618595,2.2583763, Railway
76.5364551,32.4416691, Bharmour
23.3764845,47.9245019, Trip
46.0361584,39.1641722, Check
8.2033236,47.6164032, Full
8.4359967,55.0177399, List
29.1284576,40.8737263, Nizam
79.415612,9.1795265, Dhanushkodi
88.3200303,26.6988847, Bagdogra
31.2718321,49.4871968, Ukraine
43.0948497,40.6076749, Khasa
78.2657861,31.5525007, Kothi
91.6518737,26.1106884, Pamohi
46.4610855,36.2017503, Saheb
78.4783478,30.7526211, Gurudwara
-97.001038,55.001251, Man
69.4283474,22.13670885, Devbhumi
68.9742446,22.2471009, Dwarka
17.7578122,11.5024338, Africa
73.8225674,15.4702665, Taleigao
9.6826289,9.0583446, Plateau
91.7155406,25.2836679, Nohkalikai
70,23.583333, Kachchh
13.76105,15.5672, Balaram
79.324786,10.9560799, Swamimalai
77.590082,12.9767936, Bangalore
76.6553609,12.3051828, Mysore
91.7313137,25.2426195, Mawsmai
12.9283673,41.8179234, Cave
3.2553,45.9383, Surat
73.4918404,16.006814, Tarkarli
73.6522086,16.1357193, Sindhudurg
126.9782914,37.5666791, Sea
85.56153252,23.17788375, Bundu
78.93709278,7.67412475, Mannar
7.570191883,50.5253688, Intamin
-7.9332454,53.4198891, Sky
76.5955013,8.8879509, Kollam
-0.7663474,45.870484, Jai
-89.4734462,46.0382686, Vilas
85.33447132,23.6310786, Patratu
80.270186,13.0836939, Madras
9.0944928,41.6962188, Mela
84.1457033,24.8860861, Sujanpur
70.2179591,23.8750114, Dholavira
77.3764667,27.6481353, Barsana
85.0931482,28.031467, Uttar
-3.6646504,40.4350653, Garvi
-83.4970026,34.3378598, Banks
77.8275561,31.2121592, Pabbar
75.3992581,28.1287995, Jhunjhunu
-0.8801349,47.0617293, Shore
75.12618593,34.513197, Gurez
-85.4591636,42.172267, Pavilion
93.0000194,10.0001051, Andaman
25.6053789,46.07504305, Barot
75.9810382,32.5369084, Bakrota
93.6237291,27.0979659, Itanagar
100,60, Siberia
76.91941494,11.4689004, Kotagiri
0.05119245,52.1507987, Bakehouse
104.9254429,11.5491077, Mysterious
-80.2322706,25.9873137, Miramar
-0.3770964,6.446877, Eastern
77.210903,28.5929662, Safdarjung
4.6448461,52.2591382, Station
78.3433113,31.4605228, Devbhoomi
6.885423903,52.2233862, ITC
5.4866253,48.386104, Grand
75.504691,11.978705, Chola
76.2454436,9.9674277, Kochi
73.8544541,18.521428, Pune
74.7473232,13.3419169, Udupi
76.46087,12.36073, Beedu
32.5813539,0.3177137, Kambala
73.4016729,18.7548563, Lonavala
22.963223,46.5020501, Baba
76.22455302,10.47458245, Ambedkar
22.49106704,58.5826098, Poka
73.9583159,15.272923, Margao
96.010927,27.8343989, Alubari
-87.0905626,34.0662139, Trade
1.7324062,47.5490251, Centre
95.9003299,27.3829265, Jagun
79.2126824,9.2820256, Pamban
79.3125553,9.2844657, Rameshwaram
77.28300604,28.48366995, Surajkund
76.46399739,9.24488375, Grounds
39.0494106,34.6401861, Sham
77.6568546,34.398586, Khardung
-118.242766,34.0536909, La
76.2454436,9.9674277, Cochin
76.48587543,9.1996179, Alleppey
14.80244454,61.756683, Hamra
9.3916453,42.4687171, Monte
2.109477471,48.81513495, Chapel
2.213969831,48.9117629, Metro
74.6509942,34.7057923, LOSAR
92.76500717,26.61695705, Tezpur
92.9260825,26.6015194, Silghat
76.95331691,31.6723392, Mandi
35.12449292,0.22539325, Nandi
-10.2829359,6.1991776, Bull
-2.9190951,42.7008933, a.k.a
79.8537308,11.1452914, Poompuhar
7.4244099,48.4459088, Nawer
81.63886874,28.07577615, Pardesh
72.86351137,19.139603, Oberoi
73.6725331,24.5771831, Udaivilas
73.4569787,17.2826079, Ratnagiri
85.4207368,25.0299973, Rajgir
84.99139028,24.69593025, Mahabodhi
-0.169486431,51.50037455, Cultural
10.818651,64.4894161, Hanshelleren
10.62267841,64.52909185, Flatanger
28.9333328,-5.3, Mahila
23.4473358,52.8129414, Lady
-4.4578279,54.1678945, Dibru
95.39475075,27.68552085, Saikhowa
88.3644728,27.3051267, Ravangla
10.4478313,51.1638175, Germany
87.42742231,26.8810977, Rajarani
-73.6976304,41.392316, Crafts
79.2743668,30.723856, Chaukhamba
73.84017837,24.4754764, Rajashtan
78.6402465,25.3528706, Orchha
69.668339,23.2472446, Bhuj
75.5004841,30.9293211, Punjab
179.0122737,-18.1239696, Fiji
91.8532509,25.468723, Umiew
78.04466754,9.92425165, Samanar
86.4309638,23.7952809, Dhanbad
-81.4264987,37.9906638, United
14.178373,3.9894393, east
84.6897321,20.5431241, Odisha
-51.1303195,-22.9358181, Gandhi
95.53063473,27.52016575, Tinsukia
73.40555355,26.9741156, Khimsar
74.861097,26.5885585, Kishangarh
72.88229423,19.4404562, Vasai
73.1472445,21.2947722, Kevadia
32.6184301,0.2843537, Heritage
7.612471387,48.8519787, Walk
75.9909864,32.7287809, Triund
77.7340762,31.2258578, Rohru
-94.2000345,56.5050296, Bird
85.33965547,26.8940374, Madhopur
-5.862060447,56.45969865, Mall
92.7382905,23.7435236, Aizawl
-76.9014457,34.8785, Havelock
-86.000977,50.000678, Ontario
-122.7731134,49.0445584, Breeze
78.9467282,17.5840567, Yadagirigutta
79.21749353,16.8579636, Nalgonda
78.47170546,17.35758165, Chowmahalla
85.9129031,27.2869794, Bhadrakali
-1.8585089,52.469479, Hussain
24.1051846,56.9493977, Riga
5.71839,47.2885, Bay
2.7949886,41.9741672, Salt
-107.991707,61.0666922, Canada
79.8069488,10.91564885, Pondicherry
-2.365820406,53.80897165, Read
76.4302599,9.5949953, Kumarakom
7.7486093,50.6514806, Laad
33.9310166,1.4934636, Bazaar
77.8335428,30.9558336, Solang
12.6087481,52.4083719, Sanjay
78.7795194,10.0728444, Karaikudi
6.0949461,51.0641068, Ihm
83.92090397,24.6723487, Rohtas
144.6780052,-36.5986096, Victoria
-1.3761749,5.7244148, Central
75.2741,27.8503, Nawalgarh
90.3752098,23.8163596, Dear
75.3737973,11.8763836, Kannur
77.4612694,31.2547508, Narkanda
86.17351147,24.96785205, Jamui
76.0963944,13.0029475, Chennakeshava
88.3398223,22.6357323, Belur
72.8989244,19.48336, Delhi-Mumbai
-122.90024,50.086246, Expressway
76.92637867,28.32470955, Manesar
76.9470456,43.2462, Visit
80.6187022,22.2837106, Kanha
138.905801,-4.8442043, Seeh
85.3108169,26.94965225, Garuda
76.47967304,15.34174345, Pushkarini
103.9627289,1.3350804, Expo
77.3271074,28.5707841, Noida
78.0858156,32.2755973, Langza
-110.9001974,32.482131, Catalina
-114.044788,50.6445197, Foothills
-111.763275,34.395342, Arizona
106.7972421,-6.5962986, Baga
76.2981853,34.5907985, Lalung
13.0464806,47.7981346, 's
76.6314434,9.2200805, Manohar
83.0275999,25.3776274, Sarnath
85.3205817,27.708317, Kathmandu
13.5304175,52.50697055, Mishmi
76.5272855,30.1562971, Sadhan
88.5622309,27.2896125, Rumtek
139.2394179,36.5748441, Japan
76.95148768,10.39037115, Valparai
73.763253,15.5460146, Calangute
-79.2640912,41.5329762, Forest
92.2767673,27.403574, Sangti
15.5930859,45.9038696, Rann
-103.8693974,38.910548, Kutch
77.09236909,10.31234165, Anamalai
46.3326941,39.6887059, Mirik
73.9480748,15.308184, Nuvem
-81.76304108,26.11954745, Enchanting
79.8081783,12.0099267, Shanti
87.28354135,25.26518945, Kahalgaon
84.833333,26.583333, Champaran
49.6893884,34.0862719, Araku
-98.9805484,41.5595723, valley
79.84535682,12.3817023, Cheyyur
81.5249061,18.1517751, Sabari
77.5802564,30.9491261, Satha
20.55144,44.1534121, Sai
86.05935924,25.1677029, Lakhisarai
77.5860483,12.8960869, Magadha
10.2388429,47.9455572, Lachen
79.089691,30.0417376, Uttarakhand
104.8144914,12.5433216, Cambodia
13.67121218,60.20022195, Knon
77.51700182,31.78051415, Sainj
-94.87584089,32.38709125, Richest
25.32416,37.4260142, Luxurious
121.3768581,-3.8851205, Tamboli
76.1141235,29.288378, Rakhigarhi
55.448306,-20.8814493, Lakme
81.8406351,21.6637359, Chhattisgarh
77.4302284,23.254938, Pranjal
89.2347271,24.4780305, Dahiya
135.4612224,34.956602, Jio
174.7456809,-36.8535712, World
2.2966255,48.8373115, Convention
53.9994829,24.0002488, UAE
73.7210316,15.6553409, Ashvem
-154.9443484,63.2018266, Hidden
76.6035063,11.466415, Pykara
174.7772114,-41.2887953, Wellington
81.75988279,29.4776149, Bai
84.81589113,27.20507245, Gadi
75.73787069,11.6019576, Arambol
75.75,18.833333, Bir
88.71069078,28.02708845, Gurudongmar
78.22860646,31.57778595, Kalpa
11.1369957,44.5108304, Pragati
88.3414721,22.5505515, Maidan
82.7253661,28.4464516, Dharmsala
76.2671973,25.5120304, Chambal
120.9782618,14.5948914, Manila
-85.7564541,13.2024981, Cafe
28.9779768,-28.7143537, Crocodile
77.5,30.75, Sirmaur
-4.1140518,56.7861112, Scotland
79.66369723,11.4979403, Bhuvanagiri
83.9037895,24.9741738, Shivsagar
79.9413676,18.1932372, Mulugu
72.95541052,19.21707225, Ujwal
-87.1552929,39.4028185, Art
84.5691882,20.0915202, Gallery
77.0180611,28.59475755, Gobind
79.29838501,28.8680526, Bilaspur
79.1328042,18.4348122, Karimnagar
83.57643402,24.97587095, Kaimur
83.56462645,24.98351045, Mundeshwari
88.21289718,27.4885052, Lampokhari
83.8882988,18.3715159, Vanjangi
79.9873763,14.4493717, Nellore
76.0522798,32.7211397, Salooni
25.5034517,-10.7307199, Diur
79.7807079,11.4331053, Pichavaram
171.629514,-41.904495, Needle
79.2960404,19.3593461, Asifabad
82.99313868,26.05531795, Nizamabad
78.5736774,31.4666988, Kuno
88.8003053,22.2425353, Palpur
77.0383054,30.6726057, Paonta
8.664988984,34.260045, Sahib
-98.653322,29.388022, Arabian
103.8194992,1.357107, Singapore
78.3387118,18.3222091, Kamareddy
90.29293105,26.58687695, Kokrajhar
76.7816234,26.3416529, Kodai
77.82281995,17.86859205, Sangareddy
104.999927,35.000074, China
-100.445882,39.7837304, USA
94.32742303,27.02195285, Majuli
78.02477092,15.8340561, Haritha
-94.1803576,31.7952814, Center
79.3446784,10.9250322, Patteeswaram
31.694942,3.4056725, Ramoji
17.8945324,60.2296941, Film
79.13138189,10.78257995, Brihadeeswara
72.7047277,33.7398693, Brahma
2.575333361,47.0248824, Char
18.4900429,69.9228541, Livra
-8.6297945,40.4005267, Febres
73.9099236,15.308275, Consua
88.2356503,27.3003722, Pelling
77.3166036,32.0104317, Kasol
75.7898501,16.0395701, Parvati
77.4707661,30.69394735, Renuka
73.7709793,15.4999597, Sinquerim
72.431134,24.172056, Banaskantha
6.7196908,0.3322117, Funda√ß√£o
83.90998722,21.82707225, Orient
-24.7047341,14.8514388, Fontainhas
78.6679176,10.11914675, Karpaga
6.1543208,46.2980687, Vinayagar
78.0768146,11.5882123, Veerapandi
77.47420049,9.9696643, Theni
75.3718812,14.390777, Varaha
77.5687122,22.6694223, Narmada
80.16002312,17.26469385, Venkateshwara
-79.1483752,41.6189504, Minister
81.82918649,19.11912825, Bastar
81.7071097,19.2033659, Chitrakote
-4.43518932,10.30718125, Waterfalls
91.993204,25.962209, Umden
8.1631208,44.1431093, Carpe
4.9795393,52.3329359, Diem
16.65485669,50.43412555, G.I
27.694277,55.570347, Kartavya
-74.0181507,40.71362, Path
76.947551,8.4882267, Trivandrum
-1.6777807,42.8033857, Poppys
92.89840452,25.1825103, Haflong
-74.0586314,-13.6951583, Quilla
78.4348297,18.2510962, Domakonda
35.3805559,32.6375001, Indur
11.7075655,47.3547646, Inn
-117.7827649,33.670098, Botanical
-79.4848685,43.6488643, Durbar
-100.6536777,34.5036637, Hall
78.47593069,17.43214285, Sanjeevaiah
76.3180189,9.5977041, Mararikulam
76.92892779,30.80482365, Kalka
79.75,24.75, Chhatarpur
88.1664553,27.1362581, Daramdin
115.0724439,4.7076478, Bangaru
88.2725157,22.81258015, Singur
79.8618404,12.5608537, Vedanthangal
88.7425876,27.6897097, Lachung
77.6341507,33.9083119, Hemis
3.1065679,14.0502645, Tashi
86.9163367,27.985688, Himalaya
8.411875249,12.48869435, Tabo
87.13033088,25.2871758, Bhagalpur
78.48267494,15.47198215, Nallamala
77.4207616,19.2463647, Amrabad
77.2201875,28.3622752, Pakhal
-3.078002628,10.6156424, Nako
78.396745,31.5864184, Kinnaur
78.8191259,10.3826515, Pudukottai
103.8610155,1.29267315, Promenade
79.33260796,9.2388621, Rameswaram
75.9874816,39.4702981, Kashi
74.8736178,20.9942675, Vishwanath
74.8430082,12.8698101, Mangalore
-6.7916123,37.4254522, Beas
77.1640042,32.1132488, Naggar
85.54172124,27.0139025, Haripur
75.25,22.5, Dhar
-103.9005022,34.6564005, House
2.2858634,48.782049, Cafeteria
2.3483915,48.8534951, Bali
110.7404984,1.5132771, Pendam
88.018938,23.8693028, Mayurakshi
87.30984965,24.16010045, Massanjore
87.30064714,24.2538512, Dumka
75.7802533,18.6892604, Ganesh
-143.0511625,63.3239655, Tok
80.1399183,17.2458721, Hanuman
85.37707087,26.8908805, Gadhi
69.611,21.6409, Porbandar
92.49167641,24.8199645, Badarpur
88.4424796,26.6828552, Njp
79.2357028,30.3578648, Sankri
141.1545397,39.7021331, Morioka
80,25.75, Hamirpur
-4.514436289,54.1784427, Middle
75.32677908,34.01508585, Pahalgam
74.6447662,13.7300105, Maravante
85.28658226,23.3088046, Dhurwa
36.11015626,32.8284685, Dera
76.2711816,10.8508011, Homestay
78.65538515,10.0952927, Jallikattu
86.2029579,22.8015194, Jamshedpur
-105.22058,39.7546349, Golden
77.0275,26.4956, Karauli
77.0146942,32.5132678, Gondhla
-7.852072857,52.3988979, Keylong
90.2934413,24.4769288, Bangladesh
75.94484089,32.54357545, Dalhousie
-91.8715132,31.3374015, Book
2.0587788,15.0671907, Tilwa
74.94792922,33.0301412, Vaishno
85.65049984,26.2422606, Katra
74.533782,23.3981174, Ghora
74.7158664,31.03384, Katora
134.755,-24.7761086, Australia
-3.2765753,54.7023545, UK
80.1641035,20.2090755, Samadhi
77.6276886,31.2608155, Khadrala
29.2675469,26.2540493, Egypt
-68.67191131,-16.5584668, Spiritual
-72.8959364,40.8939875, Ridge
-115.173414,36.1150858, Paradise
73.5688591,25.2794664, Desuri
73.4527029,25.1866458, Sadri
-123.033121,44.9391565, Salem
71.77754265,36.1267108, Betaab
88.4734996,26.8811618, Teesta
2.3483915,48.8534951, BALI
-0.2221351,43.2027352, Border
88.28573697,27.6558151, Khangchendzonga
76.3255834,9.7735647, JN
86.3672378,23.3291882, Purulia
-96.836034,43.44661, Tea
37.840926,-4.3423322, Estate
81.8338005,25.4381302, Allahabad
46.6781,36.3332, Asgharabad
46.3326941,39.6887059, üìçMirik
77.00270015,28.42826235, Gurgaon
93.9229386,24.7208818, Manipuri
47.8090981,30.4952371, Basara
92.5569573,28.6036406, Shersha
39.0494106,34.6401861, Suri
10.8051479,59.319384, Tomb
74.4754386,19.7668121, Shirdi
75.30019363,17.7255921, Pandharpur
73.7902364,20.0112475, Nashik
75.84644247,31.60857425, Hoshiarpur
14.39326466,50.10934595, international
88.7709213,27.3778843, Changgu
73.89294,15.4064, Sancoale
80.1661405,15.4459511, Kothapatnam
80.06080047,15.5075545, Ongole
79.47164373,15.6589741, Prakasam
76.13990397,11.1150855, Ground
88.7033191,27.804261, Yumthang
3.907666187,10.54009395, Largest
88.40250604,27.52996555, Mangan
87.79872492,25.04822225, Rajmahal
84.9937642,24.6962612, Bodhgaya
-96.9125723,45.2613519, Marvin
-96.4021045,33.3883575, Desert
-89.9435138,19.330194, Camp
46.4416422,-18.9249604, MG
2.2500524,45.9758392, Planet
-122.813007,49.1984073, Shell
76.9717383,33.88823, zanskar
-3.73893,52.2928116, Gali
73.1942567,22.2973142, Vadodara
76.526088,30.9688367, Ropar
81.91832912,27.1096669, Gonda
86.9202627,21.5002888, Balasore
77.6896202,27.5021179, Ghats
74.83531177,13.6582514, Kundapura
79.24877024,21.69505515, Pench
74.9907022,12.5035577, Kasaragod
91.7025091,23.7750823, Tripura
135.7556075,35.021041, Kyoto
139.757653,35.6812665, Tokyo
76.8691239,8.8719144, Chadayamangalam
74.86606,12.8696153, Pumpwell
94.2462157,25.5353941, Zapami
94.5,25.75, Phek
74.7680651,13.1969885, Padubidri
74.505423,14.1008191, Murudeshwara
94.166667,25.75, Kohima
76.354599,9.5136898, Malayalam
-102.555719,46.4216712, Regent
121.3336526,14.1696476, Laguna
-84.180897,39.4203978, War
7.029356,4.7648843, Cemetery
76.4047013,9.5265587, Vembanad
3.951958,50.4549568, Mon
10,51, Europe
76.4917401,9.5887516, Illikkal
21.47186344,60.87447675, Kallu
76.6977554,9.7903294, Arackal
5.6343227,52.2434979, Holland
-118.329523,34.0980031, Hollywood
85.25036969,19.6853207, Chilika
83.5876965,21.5526625, Debrigarh
76.6703937,12.2724017, Chamundi
-81.73888572,26.58016545, Gateway
12.7975939,-4.9494489, Kisama
77.0600915,10.0869959, Munnar
83.36457244,26.6711433, Gorakhpur
76.5086445,10.0785737, Bhubaneswari
89.57041333,23.73983725, Rajbari
76.9788156,8.4004698, Kovalam
91.30156539,23.53074455, Sepahijala
79.4403485,18.8807154, Sree
77.5560752,12.916279, Padmanabha
10.8824256,49.5696773, Swamy
77.8936297,25.8839318, Karahi
76.47421719,10.78736915, Palakkad
88.6462649,22.9237716, Hapania
13.0965298,10.4739966, Pizza
-91.7148673,36.3236769, Heart
4.8521056,45.7842713, Truck
167.378284,-15.9732515, wala
-0.8402999,5.3604138, Adaa
94.0220132,25.6542904, Khonoma
82.62574936,25.1010477, Mirzapur
91.3149943,23.50692835, Neermahal
76.649649,12.6624052, Melukote
76.3802045,12.7618823, Cheluva
75.2058747,26.7906107, Narayana
78.48874767,17.39847415, Melkote
-86.0347962,32.3280882, Waterscapes
80.23481284,12.9900426, Sharavathi
-58.4794217,7.0906111, Adventure
76.37385815,30.65737495, Shagird
-64.4635958,-31.3160108, Zendaya
94.05698542,25.3804396, Senapati
76.7257086,8.7342288, Varkala
-62.7583022,17.3827474, Mansion
73.7214614,15.6676736, Mandrem
91.28275067,23.83698675, Ujjayanta
76.5178549,26.1563432, Pakhala
85.8214411,20.4804559, Dahibara
73.9450049,21.5731449, Pitha
77.6189666,12.9355231, Rasagola
77.6626028,12.9949194, Benniganahalli
84.6897321,20.5431241, Orissa
12.674297,42.6384261, Italy
73.8151437,34.0479904, Khawaja
83.13732865,28.0385572, Khan
10.4745186,59.6261998, Ustad
74.2550817,30.1770573, Gobindgarh
68.1615323,39.8280233, Karim
162.6310443,59.1923289, Gulikan
76.24925587,10.2656092, Theyyam
73.8167602,15.7089964, Pernem
79.0673204,30.7345609, Kedarnath
86.431013,26.758506, Sarswati
-68.8590201,45.709097, Mana
75.85351544,30.1358257, Sangrur
68.9131013,37.1825124, Khwaja
47.7027042,30.3917664, Zubair
76.3853971,30.625015, Sirhind
76.5306714,15.4261076, Gangavathi
-48.3632298,-24.0991671, Raia
76.65680659,9.0915452, Poruvazhi
76.796863,9.3506352, Malanada
85.1039827,20.824953, Auromira
84.03670034,24.50582535, Hussainabad
146.9183733,-36.0811969, Clock
73.392674,33.9056829, MURREE
83,19.75, Kalahandi
85.8792,20.4686, Cuttack
74.6236037,15.2490284, Dandeli
67.0207055,24.8546842, Karachi
67.0705588,24.9325432, Gulberg
10.1158821,45.7634448, Zone
14.242337,13.2732773, Allama
74.3613754,31.5464252, Iqbal
74.2138126,31.2443583, Raiwind
74.1319229,14.8120931, Karwar
76.4610201,15.3358, Hampi
86.86191156,20.7195382, Bhitarkanika
73.7439438,15.5848651, Anjuna
71.6638747,29.394644, Bahawalpur
76.3087425,10.177101, Ayroor
75.69594027,11.9166627, Gramam
77.3845005,31.7649228, Kahna
-169.861341,-19.0536414, Nau
74.3141829,31.5656822, Lahore
139.6948012,35.6260707, Domino
11.3210891,46.5763931, Burger
-86.8295337,33.2588817, Al-
121.1065569,14.6942675, Faisal
90.389015,23.7644025, Dhaka
75.9851789,25.3326616, Bhiya
-79.2568333,43.7751851, Biryani
88.3153898,22.5551538, Shalimar
-8.311688316,39.93875605, Aguda
85.05508062,20.70319325, Bantala
85.0973949,20.8382426, Angul
12.4551248,48.3451853, Hanging
74.78557535,13.3631272, Rajatadri
74.7870308,13.3519723, Manipal
72.70001272,31.16214635, Near
74.7136807,13.4986976, Saligrama
75.8402632,30.874961, Sikhism
-71.0577716,42.3588043, State
-79.3933506,43.6668462, Museum
166.9324426,-0.5252306, Nara
87.20787306,25.30946375, üìçGopalpur
86.63272983,21.49308515, Berhampur
18.4097222,-33.9327778, Gardens
78.51866759,24.70038485, Lalitpur
79.0038228,26.081281, Behta
80.3217588,26.4609135, Kanpur
-49.0845618,-24.97812, Baldao
2.3483915,48.8534951, Paris
37.6174943,55.7504461, Moscow
-1.956595198,52.4579983, Cardamom
125.03147,10.9617484, Highway
75.7223521,14.5203896, karnataka
83.1693336,19.9060558, Manikeswari
116.1191021,38.1904931, XIAN
78.0150054,13.3468635, Chapura
76.23780757,10.4878475, Maheshwari
24.7460659,59.4375698, Maharaja
84.8479883,25.4516837, Bikram
77.994907,16.7533336, Kishore
80.1601821,17.2423279, Manikya
-1.83047015,52.4569149, Built
4.60862,49.74903, This
91.2823821,23.8312377, Agartala
74.4883354,14.0959549, Murudeshwar
78.7039678,10.85286095, Gopuram
75.182112,12.092158, Kavvayi
-112.074141,33.4484367, Phoenix
86.1660878,20.2593872, Jagatsinghpur
75.7754716,11.2450558, CALICUT
76.5120396,10.3528744, KERALA
-75.241564,40.4248256, Elephant
-0.0779779,43.8166469, Route
75.851601,30.9090157, Ludhiana
78.4360537,22.4736824, Pachmarhi
74.2549674,14.8648004, Kharge
18.3517467,45.7888785, ‚Ä¶.Old
5.204637165,44.72953475,26
81.7832769,7.5839502, visited
47.78324089,52.0384434, Al-sheikh
77.4120356,28.6711527, Ghaziabad
-149.2583685,-17.8419303, Area
80.9042142,26.8677148, Chowk
86.0981045,19.8873635, Panthanivas
72.2351819,32.6182362, Khabeki
-122.7776556,39.0505411, lake
136.2304299,-1.0753848, Soon
79.31252312,14.9394153, Udayagiri
86.30985187,19.9783703, Astaranga
85.8252538,19.8076083, Puri
-82.504068,27.45154, Misty
75.3582366,13.2322235, Kalasa
-78.86767773,33.76430515, Science
85.52633246,23.7978518, Mandu
4.362724539,51.9994572, Delft
5.6343227,52.2434979, Netherlands
76.9656604,9.8667272, Periyar
13.4653192,52.5063484, U.P
86.04832513,22.1246155, Badampahar
88.3737337,22.6173485, Cossipore
5.881818,45.7337395, Join
84.9903783,24.7007069, Vistara
76.12711851,11.71512915, Wayanad
74.9367127,13.5658165, Tombattu
-77.32109126,38.5464245, Tri
26.3085188,46.8910677, Capita
77.2804797,12.7252766, Ramanagara
76.3148685,13.9068525, Janakal
77.0590502,17.8106693, Mallikarjuna
77.467351,23.269603, Zindagi
-59.4780113,13.1693862, Society
69.823766,28.4439459, Ghazi
95.861898,27.8239052, Lohit
77.20417695,10.0075653, Anayirankal
11.5753822,48.1371079, Munich
14.1893485,12.2057665, Kusuma
126.9782914,37.5666791, SOL
-106.7426631,34.82437585, FIESTA
77.54619069,12.53290595, Bannerghatta
85.625359,20.5197208, Athgarh
73.8282141,15.4989946, Panaji
122.6737811,10.8384816, Pulao
74.3911488,31.5646541, Lalpul
78.4403495,30.7291049, Uttarkashi
79.09663523,29.42483385, Ramnagar
84.5919193,19.1567213, Bahuda
123.7646459,-5.546636, Tampara
76.9198143,9.6612239, Kolahalamedu
85.7398669,20.1482602, Harirajpur
85.56059465,20.22564715, Khordha
86.3385714,20.8522696, Jajapura
82.991721,18.7033414, Putsil
76.4152088,12.0140065, Kabini
83.8889444,21.79626855, Samaleswari
84.9280345,19.485379, Rushikulya
-97.49998103,35.49956915, Team
-149.2583685,-17.8419303, area
32.3295832,2.2452864, Township
75.9986303,13.209021, Kedareswara
78.0610751,13.1400445, Nagalapura
78.4405797,17.3044538, Kedareshwara
109.1357285,35.8894105, Shan
37.077523,-1.036648, Tika
44.119638,13.23369, Kabab
126.9782914,37.5666791, Sol
-106.7426631,34.82437585, Fiesta
-112.250798,42.1915872, Malad
83.9162322,26.7438272, Kushinagar
77.181142,9.5804995, Thekkady
76.3619141,11.6714546, Muthanga
92.278732,24.002147, Jampui
73.392674,33.9056829, Murree
77.590082,12.9767936, Bengaluru
107.6103136,-6.89044875, ITB
34.45698125,-24.05729015, Panda
-82.0344275,37.9817007, Kitchen
-1.808094897,52.536938, Ramada
119.5059987,-5.1066679, Daya
1.405531323,43.601601, Signature
81.44397966,30.5611064, Thokar
66.4406987,30.9248781, Chaman
11.45867826,49.2744386, Restaurant
75.9520483,28.0396184, Dudhwa
78.03349629,27.2864364, Socity
83.89373126,21.54901785, Hirakud
76.95524053,8.47028485, Attukal
-120.7674293,46.7075254, Pongala
76.42550598,9.98564035, Rajarshi
93.9978423,27.0827158, Lakhimpur
80.71293034,28.18478255, Kheri
-3.1706446,52.1708524, Colva
-120.7650606,39.1012064, Placer
7.8271156,44.3506606, Vasco
84.85775201,22.2539994, Rourkela
-9.1365919,38.7077507, Lisbon
76.33829138,9.68663985, Chandrika
74.4999218,26.0490334, Deomali
-93.2498116,45.0533306, Hilltop
75.8315527,27.229161, Dhauli
77.3687713,20.9624603, Chandrabhaga
75.6588028,33.6628377, Nand
75.22767163,12.82133045, Dakshina
-107.991707,61.0666922, Kannada
-74.9080999,39.0080873, WWD
77.4728823,27.4472958, Pentha
54.524277,24.332791, Yateem
45.140337,36.6994559, Khana
71.4719683,30.197838, Multan
-95.2841381,43.0645464, Royal
1.7324062,47.5490251, C
73.5222553,29.2436472, Vijayanagar
-120.9070891,37.6408135, Empire
85.4397927,19.6671656, Satapada
88.1643518,21.8849472, Jetty
67.0672428,24.9410107, Samanabad
81.7832769,7.5839502, Visited
124.2254413,47.5502566, Taha
121.487632,31.2353356, Bund
84.2656019,18.8776738, Gandahati
85.5,21.5, Keonjhar
38.3881171,40.9180501, Kapu
77.401989,23.2584857, BHOPAL
84.461351,18.8484265, MADHYA
2.9191579,42.7452716, PIA
70.6738901,26.2784857, Antia
86.3385714,20.8522696, Jajpur
-101.8703824,35.21140515, Empowering
28.2204318,43.4019969, Women
12.1920155,51.5544486, Watch
0.1186637,52.2055314, Cambridge
83.56696261,27.09254225, Maharajganj
8.1580119,49.4812658, Sweet
33.4494055,-0.4268621, Water
77.87568125,21.8796162, Betul
74.991552,13.459429, Hebri
24.18156,47.3150264, Sita
75.003662,13.395931, Varanga
80.8271194,24.3247709, Basadi
-96.4512417,32.6894727, Heartland
74.8199519,13.6271152, Bailoor
74.9951861,13.2145414, Karkala
5.0504341,50.9844318, dist.
81.6336993,21.2380912, Raipur
-97.6580834,39.8266503, Republic
5.4063497,45.5002683, Fa-Hien
-3.9875716,48.4263919, Keravan
74.6327162,13.8718003, Byndoor
85.04710406,19.4129711, Ganjam
13.83074794,50.0601579, St.
62.4019513,37.1302916, Mary
125.4377317,7.1291477, Coconut
74.68449812,13.34379285, Thonsepar
81.8879001,19.2971489, Markandi
10.3333283,55.670249, Denmark
74.7988642,13.2708286, Kunjarugiri
85.8565664,20.2040111, Uttara
-122.2106864,47.703618, KATHAKALI
-0.151471337,51.4433108, Exhibit
73.4702407,34.3734751, Muzaffarabad
77.3538136,31.1778535, Shiva
76.33987209,30.2090874, Patiala
8.809353,44.687649, Gavi
77.5482547,28.8132974, Rishab
-2.203628534,54.2982344, Shetty
73.198415,22.3016359, Kalpit
72.8176818,18.9727414, Gaonkar
76.94529573,8.4822449, Kuthiramalika
76.7176885,30.7041168, Mohali
91.28272858,23.83732845, Ujjyanta
48.4738315,34.78706, Kolab
-0.4167356,39.4686315, Tussar
91.83818815,23.47363145, Dumboor
76.19565963,10.22386305, Muziris
35.0331656,48.4072321, Biennale
75.809288,14.5116874, Harihara
85.80685788,20.2235481, Lingaraj
15.4289391,47.4965178, üìçMontang
-81.7798545,39.0753562, Neptune
85.14670652,22.49788755, Anandpur
79.74934442,14.595055, Sangam
78.1501118,11.6609852, Rasikas
80.6641102,16.1812725, Kuchipudi
76.9346863,9.4453807, SivaParvathy
76.7307262,9.5650845, Chenkal
-100.6828081,32.0708907, Silver
-98.8313546,36.7915843, Woods
75.30552274,31.38524095, Kapurthala
80.416375,31.530962, Gartang
77.4814653,26.5495681, Biraja
74.7036914,13.3507423, Malpe
22.6333689,63.4027914, Kaup
74.7296777,13.2711323, Mattu
80.5688069,16.4318209, Mangalagiri
76.8486766,9.7109609, Marmala
-3.173954147,51.4894756, Savour
34.1787812,1.0717549, Foods
76.98332965,10.0777959, Lakshmi
23.7283052,37.9839412, Athens
-0.095396,44.5926198, Banquet
80.07720492,21.0706471, Sundari
-42.8125967,77.6192349, GreenLand
-74.9757107,42.9289603, Kingdom
77.1610998,10.2750312, Marayur
19.6432482,51.2960501, Bazar
-122.5748501,49.2711861, G.M
91.62320954,24.04673835, Khowai
74.3184418,14.5439629, Gokarna
74.8485941,14.1716681, Sharavati
19.5180992,42.9868853, Montenegro
34.5731341,0.5090396, Western
75.7171588,15.3899798, Lakkundi
75.63522438,15.4322943, Gadag
76.4933824,15.3444252, Tungabhadra
1.274811068,51.1410065, river
74.5069343,15.8572666, Belgaum
84.149394,20.860055, Mahanadi
76.44402737,9.20223805, Kanakakkunnu
77.07622044,9.85197095, Kanakakunnu
85.45136294,20.12350535, Ramchandi
72.8664834,30.6270682, Harappa
86.43170623,20.50040085, Kendrapara
79.8134415,23.125398, Dhuandhar
-95.6749486,33.3926893, Delta
77.6151183,12.9363343, Coorg
70.866502,34.739973, Chowki
74.1182117,32.4417427, Wazirabad
-81.59148411,28.36076735, Dak
67.6255947,27.9219775, Choki
82.9106386,18.7582826, Damanjodi
86.95944789,23.692416, Shatabdi
74.5544089,13.9873619, Bhatkal
-1.0815361,53.9590555, York
0.9979549,47.1281692, Los
120.5875321,15.1389351, Angeles
100.5301157,20.3386812, Namma
74.2948079,33.9004486, Thanna
39.192901,-6.16649315, Tourism
6.19346325,51.14802725, Pavillion
16.4008691,48.2593545, Excellency
92.130594,24.131486, Machmara
76.46947152,9.9041286, Nechoor
169.937863,-46.003949, Pyramid
-7.3362482,31.1728205, Morocco
78.6677428,22.3511148, Hindustan
76.9771675,29.3912753, Panipat
27.2559449,13.4997091, Siali
86.12415422,21.94023915, Jashipur
94.5884911,26.1630556, NAGALAND
95.9999652,17.1750495, BURMA
84.6286082,25.4086789, Pawna
-38.230047,-9.3869574, Tropical
93.9269824,25.5843684, Poilwa
93.72563659,25.47907705, Peren
-70.0183906,18.5315055, P.C
34.9249653,38.9597594, Turkey
74.87224893,14.07637615, Siganduru
77.5880201,12.92519, Chowdeshwari
77.5813107,13.10893605, Utsava
139.7254086,36.0778827, SATTE
83.0750046,27.2699457, Mahotsav
8.1116086,44.6335291, Manera
77.7757653,28.7303496, Tehsil
74.436969,30.5582352, Attari
85.1519054,19.6478491, Kalijai
75.012566,12.425202, Kappil
112.397213,39.982355, County
145.5702778,-16.8602778, Secret
78.0098161,27.1752554, AGRA
73.9456314,15.1845618, Cavelossim
72.66137936,40.2696468, Intl
11.9871547,53.6121028, Below
37.5471054,55.3778399, Invest
-81.5333603,41.1457902, Summit
-121.9952469,37.3788225, Shree
73.77523737,18.51077805, Lakshminarayan
75.0371916,12.395725, Bekal
-1.5898909,43.4391702, Bidar
-109.056392,44.5263107, Kodi
74.5022787,14.0457972, Bengre
-74.4894738,40.5135834, Hoysala
15.4289391,47.4965178, Montang
77.1568962,9.8248005, Kallar
76.0823607,32.3509264, Kahar
-0.777203,48.2534179, Place
85.0633606,19.3923257, Puintola
77.2635612,17.9895099, Siddeshwara
75.3996731,14.7874825, Haveri
91.2710907,23.8041337, Badharghat
-69.843495,18.5032339, M.D
73.9583159,15.272923, Marg√£o
80.1459503,17.2490783, Vishnu
74.5567324,26.4901457, Varah
73.0316591,25.490699, Kawla
75.2510322,13.2190695, Kudremukh
77.115,8.76, Ponmudi
75.0944125,13.5068009, Udupi-Agumbe
12.50085496,51.29575935, Tensa
75.8722231,31.7358248, Dholbaha
75.6573011,31.8143115, Dasuya
75.5004841,30.9293211, PB
86.1465628,21.3607109, Satkosia
77.1006208,13.3400771, Tumkur
92.4200704,23.4745218, Phuldungsei
28.1417272,-26.117439, Incredible
116.0344365,-33.3603157, Ride
78.5129999,17.5107981, Ramalingeswara
81.62387832,26.34738315, Amethi
77.76822875,29.00065255, Meerut
175.2174753,-37.6276308, Kerie
82.9710513,25.299243, Banaras
-98.0308425,30.1229876, Driftwood
4.6667145,50.6402809, Belgium
17.0828516,44.6954124, Kola
-7.2663798,16.6173344, Nema
74.9877613,12.4914722, Kasargod
-97.88953914,22.47772875, OTM
76.0417924,10.5950431, Guruvayur
76.2660996,9.9877415, Bolgatty
75.66531992,12.38217745, Kodagu
51.2295295,25.3336984, Qatar
75.6957737,11.4455691, KTDC
95.2202219,26.6617435, Longwa
121.31,17.46, Kalinga
103.8753794,1.3028396, Stadium
54.5643516,32.6475314, Iran
-6.8382009,12.7418038, Kerela
76.4005122,14.2266443, Chitradurga
82.60811828,18.7232023, Koraput
74.7203969,15.5669542, Bailur
81.73348725,16.33409315, Narasimha
-0.3054373,51.5129411, Swami
-95.2359496,38.9719384, Lawrence
120.5311569,14.7178412, Shrine
-86.94013832,33.538797, Minor
11.64851321,46.7441577, Basilica
124.2313468,-8.2436046, Kabir
-82.71014325,34.4944709, and
76.3371037,10.3041869, Chalakudy
-5.607208218,51.72431005, Hats
79.61537075,26.1154465, Kalpi
77.0411271,12.3394273, Ravana
88.0375158,27.6824577, Kumbhakarna
84.3648449,18.966336, Mahendragiri
76.8794247,14.0702841, Parashurama
-117.7240374,33.6820252, Theme
77.1945546,28.5470121, IIT
86.52504036,25.13317305, Kharagpur
-111.8923381,40.98557525, Lagoon
-9.1470994,38.7381918, Ayur
75.7754716,11.2450558, Calicut
-81.7581697,37.0876141, Indian
-74.3319287,39.977818, Ocean
75.784133,28.0003366, Khetri
77.2659606,28.6664525, Ajit-Vivek
-96.84732188,32.84524055, Dal
-95.90988285,36.0069214, Tradition
74.8007998,31.3068679, Mughal
74.9953095,34.0230269, PAMPORE
88.67886686,26.4733048, Jalpaiguri
73.68573093,25.66236425, Marwar
77.6124775,27.7865337, Shergarh
-12.9859033,15.3408498, Khole
38.4313975,1.4419683, Ke
116,39.0000001, Ji
20.4225198,44.8287192, Hastag
74.24937501,31.3258853, Jehlum
73.5827479,25.1480528, Kumbhalgarh
-122.2159798,47.81886375, Aravalli
-97.8652374,48.6843951, Mountain
-1.869209938,52.45777545, The
73.2700191,18.9901544, Matheran
77.31671877,21.40494055, Chikhaldara
-124.0864865,43.2710293, Blue
72.70390265,24.5953049, Nakki
87.3380425,23.5350475, Durgapur
74.8580243,19.1627725, Ahmednagar
30.09484287,6.75267155, Lakes
51.5838643,25.1757983, Planned
7.351989,50.4677626, Rana
78.7550425,20.1919181, Kumbha
-87.7309534,41.731246, Hometown
74.58676543,17.1726928, Sangli
74.071481,32.5686782, Gujrat
101.4959258,3.0641028, MTDC
73.3922978,16.3348886, Kunkeshwar
-99.081858,40.699478, Karni
72.7349853,25.5412799, Baori
75.833333,25.5, Bundi
27.5147504,-21.0244816, north-east
76.68218371,24.92077465, Baran
7.5967269,50.356322, Unforgettable
-122.2662183,49.01635265, Package
70,27.5, Thar
3.3663781,6.552746, JKK
76.74060487,9.1660401, Jawahar
114.1767885,22.3116452, Kala
23.2990439,47.1223592, Kendra
75.20509891,33.2116371, Ramban
89.2343748,51.2086975, ASIA
75.5437945,33.8548072, Warwan
-118.4809829,33.3713584, Grape
77.17540657,21.43738055, Melghat
74.8495721,34.0866988, Zabarwan
74.47611863,34.3281272, Sopore
76.76326541,34.68003015, Kasmir
74.29827808,17.63612885, Satara
73.7908887,19.3417108, Malshej
9.207810649,45.5802076, Mapro
0.46540701,46.61211655, Venna
75.65281205,32.98066025, Bhaderwah
-97.1197479,35.2606255, Pink
83.059348,24.718193, Gangaur
77.19299356,28.6223219, Talkatora
76.8734836,23.9237378, Khuri
24.6767511,43.9783967, Dudu
81.31275,31.0697952, Kailasa
2.9762529,42.9312356, Caves
115.2703855,-8.4560181, Bala
-104.0837535,20.3548164, Quila
73.2697524,17.1466952, Ganpatipule
75.32639,33.09082, Patnitop
121.1090876,14.7038661, Wonderful
78.6077644,29.9810961, Mewar
7.6429546,46.5047914, First
13.666667,60.566667,2023
72.6332132,23.7853622, Vadnagar
73.49995469,16.3825291, Devgad
71.247499,30.3308401, Pakistan
-3.73893,52.2928116, Wales
75.8590494,26.899355, Sisodia
73.308225,25.3478156, Rani
75.7223521,14.5203896, Ka
74.8127629,34.080805, Tripmore
75.1848367,26.9110014, Sambhar
2.1584509,41.4047833, Elephanta
72.93060733,18.9641396, Chalukya
77.54709129,34.13526, Srinagar-Leh
71.5,25.75, Barmer
77.3257027,27.4773321, Deeg
79.4864948,29.1989478, Mewari
0.1079772,44.4107982, Duars
78.738606,20.262016, Savitri
75.81088022,26.8046466, Haldighati
73.1545983,33.8973183, Neelum
46.5125197,40.6948654, Azad
-86.3152663,35.0350865, Neil
92.95597952,11.9843744, Andamans
123.924189,10.3775984, Keoladeo
75.2965551,34.302387, Sonmarg
12.0213978,45.3916677, Galta
74.23847867,34.6110236, Kupwara
-6.1087847,11.3103799, Zanana
76.76326541,34.68003015, Kashmir-
0.86533405,52.8344085, Occupied
71.9913375,35.1133353, Katan
76.86176998,27.36295725, Bavdi
75.1455138,33.7368773, Anantnag
71.77754265,36.1267108, üìçBetaab
73.21424259,17.75698365, Dapoli
75.1516955,28.0538906, Shekhawati
-117.7926526,33.6843699, Pintail
71.7971842,23.943721, Ranakpur
72.044472,23.5017219, Mansarovar
-37.32331892,-5.2074957, ExpoCenter
73.0651511,33.6938118, Islamabad
75.166667,33, Udhampur
75.04252291,32.76983205, Surinsar
79.8425685,28.31758695, Bisalpur
77.7838897,31.8677905, Mantalai
73.6760867,19.2926638, Naneghat
74.2405329,16.7028412, Kolhapur
73.81700055,18.55705235, Pichola
-80.0942087,26.9342246, Jupiter
14.2917344,48.3025707, Meritas
74.75,25.5, Bhilwara
74.30174991,34.3023226, Rafiabad
75.5473969,33.1449112, Doda
75.2965551,34.302387, Sonamarg
12.0837399,42.179016, Villa
5.5710285,46.1635975, Port
-78.3682329,40.4870748, Blair
74.7845901,33.6497881, Aharbal
149.0488018,-25.27306815, Expedition
75.2885556,23.5524806, Nareli
78.6131455,20.82562315, Wardha
75.2922141,33.9442856, Lidder
85.3857063,27.6773156, Bhairav
103.8540683,1.2950974, Raffles
75.2139687,25.7309225, Udaisagar
88.2721335,24.1745993, Murshidabad
75.18920515,26.87293415, Naliasar
131.7222827,-1.2936425, Kaas
76.76326541,34.68003015, KASHMIR
75.4191114,23.4578957, Nagada
-111.714358,39.4225192, UT
75.640912,20.2603855, Bhawan
75.3496456,33.3161845, Marg
-78.7676017,43.2042439, Niagara
77.6633191,25.3286469, Khirai
74.9003129,33.8756947, Pulwama
10.030189,44.0778272, Luni
-7.1013033,42.7051669, Hospital
82.8086975,19.5322824, Baner
-113.4687025,46.3944149, Granite
-58.3886321,6.8698873, Farm
72.92186344,19.03949415, Sahyadri
72.8499772,19.5186517, Vaitarna
77.8619635,30.6885777, Kailana
-121.9198509,37.3754438, KARINA
73.8224937,24.9303453, Nathdwara
73.7786014,17.5481318, Koyna
23.9803393,46.3647399, Hari
83.7280341,28.2021248, Parbat
74.5717573,20.58968735, Malegaon
69.4135308,22.899818, Jinalaya
74.8748652,32.7192372, Bagh-e-Bahu
88.0632655,22.028124, Haldia
4.719755408,49.761463, Prefecture
77.1159339,31.4965123, Khatu
73.7357712,24.7913027, Shyamji
88.3416672,22.7549951, Serampore
135.5930743,33.8070292, Wakayama
75.5423119,26.8087953, Bagru
24.2173198,67.6536603, Kukas
67.9788855,27.2150325, Subedar
8.495762849,54.7173519, For
-0.1606176,53.5818378, Healing
22.3715921,47.4600425, Pir
76.3026017,10.7226728, Panjal
73.0230399,26.29713775, Toorji
71.855242,22.4572977, Khandiya
70.7811508,26.875145, Kuldhara
75.16109232,33.4442979, Banihal
74.77516251,33.9933661, Budgam
-113.2771306,33.0500453, Camel
74.768264,34.0762029, Bemina
-86.4830746,41.9244887, Snow
131.3613879,33.26618265, Holidays
40.2694068,40.947642, Of
75.5297744,32.8476311, Sringar
75.81692388,33.2761171, Kishtwar
77.00704344,28.5085683, Atharva
24.6240912,44.7804857, Veda
73.5525075,18.7669998, Kamshet
79.7071493,16.7289471, Dargah
21.9877132,38.9953683, Greece
75.257206,33.1264194, Sanasar
106.7937592,-6.2949304, Anuraga
109.6690977,-7.40294275, Lonavla
75.1667416,32.9344543, Tawi
74.0957143,33.7670004, Poonch
79.2627148,21.3967147, Mansar
79.2999141,21.3935847, Ramtek
75.8189817,26.9154576, Jaipur.
77.1199035,26.9676718, Jahaj
-1.256821,44.0322982, Lit
7.0111415,48.7755497, Fest
-10.0032896,6.0566231, Where
70.353157,27.7960115, Tanot
88.5861588,26.7510986, Gajoldoba
9.2253936,39.8581828, Pissu
12.8300519,46.2019559, Top
129.2664999,-2.9483387, Sawai
-63.5185396,-4.479925, Amazon
4.2669849,39.8882704, Princep
74.83786982,33.06910315, Reasi
76.9810508,20.4858688, Shiv
74.5910847,26.5727916, Khori
7.663618,45.280852, Front
73.3171367,28.0159286, Bikaner
-119.8351676,37.5179921, Darrah
-94.8452502,45.4068106, Regal
-102.239981,43.992421, Wall
78.6113283,30.6027951, Marwari
-93.3606072,45.031823, Crystal
100.83273,14.8971921, A
101.7149827,17.7168149, That
43.1684371,39.7779175, Aru
-78.5,-8, Lal
95.8713518,26.0153708, Padman
72.0218813,25.2140512, Bagora
105.693837,28.675427, Sitong
88.4064506,26.9123736, Latpanchar
85.2809516,23.4023114, Chatakpur
84.9967884,27.028399, Chimni
79.59793429,13.31217355, Nagara
77.112915,32.0391767, Lohri
48.2950571,37.2982825, Kmr
75.10390626,33.79612495, Bijbehara
20.8638386,39.6388962, Anatole
75.3685677,14.8469118, Devagiri
74.0019227,19.8513684, Gondeshwar
92.6634014,25.0493108, Arang
36.6218948,38.8353286, Kel
73.7431955,32.3208667, Chenab
142.3217143,-36.7591705, Drung
75.4176235,34.0804422, Chandanwari
73.7490496,24.7745617, Delwara
73.97681904,19.20068075, Junnar
72.3706906,23.6090067, Bahubali
-71.30972419,18.12086725, Polo
88.3419444,22.569871, Floatel
73.7305428,31.3054134, Daulat
74.333333,23.5, Banswara
76.2968073,9.9541411, Lakshwadeep
-75.4521418,40.0206645, Leopard
73.2211207,17.2950841, Jaigarh
77.7203733,27.439072, Gokul
-85.7609697,30.1681851, Learning
72.82491116,19.684661, Palghar
74.9003129,33.8756947, PULWAMA
-3.6337607,14.0282827, Logo
75.01480232,33.66980055, Kulgam
116.6775856,23.3563921, Santa
79.3166327,21.3424272, Nagardhan
75.3012493,33.5872252, Kokernag
-28.2052961,38.6797531, Velas
-87.92799178,43.92795015, Ranges
89.5246926,26.4851573, Alipurduar
-99.7720109,30.4893555, Junction
73.0784045,31.4083097, Sheeri
-82.71014325,34.4944709, And
69.5370977,28.1433833, Fazal
101.4959258,3.0641028, Mtdc
73.55955784,18.34993565, Panshet
75.1630821,20.0231431, Ellora
75.6741579,18.9068356, Maharastra
74.3132332,33.3772495, Rajouri
74.2403875,33.1575063, Nowshera
76.816535,23.3812393, Dholpur
114.0285535,22.331829, Sun
85.5782078,50.5200397, Margala
73.22385565,18.53521505, Ballaleshwar
83.0122192,25.309108, Ganpati
77.5161687,12.9180704, Khandoba
74.1602287,18.2768994, Jejuri
73.3196425,28.0388488, Lalgarh
1.9102321,44.8107521, Banas
75.576596,26.1647019, Tonk
73.7571028,24.5594191, Kaladwas
74.06093532,18.51051985, Haveli
73.8880816,25.0585825, Rajsamand
74.11292898,16.2539013, Gargoti
74.8204443,34.0747444, SRINAGAR
76.76326541,34.68003015, kashmir
74.8204443,34.0747444, srinagar
78.3287568,30.1262946, Laxman
77.6038409,29.149556, Chacha
75.8574194,25.1737019, Kota
5.5378293,36.4898622, Babur
30.6297626,8.5154453, Haat
47.1956569,56.148272, People
-73.2500086,7.0000085, San
-87.7017658,41.9661531, Francisco
70.1544827,27.522763, Longewala
86.60650844,20.6418206, Aali
81.0989177,29.5407182, Kadal
78.46242745,17.35522615, Doodh
76.90789274,21.56242885, Talai
76.3763169,27.3927313, Sariska
145.7177778,-35.6316667, While
74.8333311,33.718807, Shopian
4.3221548,45.022172, Mars
74.2445791,18.7536353, Ranjangaon
79.88717325,21.11901995, Morgaon
74.1369009,18.695989, Shikrapur
21.32607762,46.1752827, Rd
73.9848706,19.1281138, VIGHNAHAR
-99.1367429,19.4342615, Ganapati
73.8630714,20.4775218, Ozar
77.38325343,21.0328167, Rampura
87.7053427,21.6647646, Mandarmani
76.4759159,32.0001424, Qasba
93.6799147,31.4821007, Biru
70.5390873,38.2321234, Jag
76.3856561,27.9921616, Neemrana
76.3376514,26.893342, Dausa
73.7413575,17.7941117, Mahableshwar
76.4624404,27.2227309, Talab
72.6260916,25.3476006, Jalore
73.6862571,24.578721, UDAIPUR
73.7684549,26.8105777, RAJASTHAN
-103.5013639,31.3953863, Hotels
9.880071417,46.1480989, Gandola
-118.1335262,33.7595376, Natraj
91.8975027,25.5695941, Pratima
85.42630269,25.80190035, Mahua
80.7880401,22.310582, Kashmiri
74.83434977,34.1934255, Ganderbal
72.97833702,19.18293845, Vishwas
76.3019626,10.0274077, Swaroopam
75.49146703,32.89574365, Gursala
114.2101033,22.4135688, University
73.5827479,25.1480528, Kumbalgarh
73.6416881,18.7697439, Indrayani
2.5675287,44.8892939, Karla
124.9598679,10.6144389, Upper
-46.87364148,-23.49638805, Deck
5.1056933,51.9835886, Strict
88.3264374,22.8674038, Saraswati
80.1962729,21.455228, Gondia
8.0745443,44.9243376, Castle
75.9443137,26.8730136, Kanota
73.2032791,19.2963414, Titwala
77.9553046,27.1864882, Shanidev
73.2140194,17.3794871, Velneshwar
74.61832326,16.86578225, Sunny
30.1715105,-0.5626777, Matsya
83.03915606,24.21397915, Utsav
76.49116041,19.9830892, Lonar
77.21598357,28.54488435, Muktidham
2.05178,42.4577492, Rohet
72.878176,19.0785451, MUMBAI
75.6741579,18.9068356, MAHARASHTRA
71.68373466,23.77405735, Patan
75.8592707,30.868349, Bhujia
74.0008592,26.150045, Nimaj
72.781174,21.14307, Vesu
76.551876,24.9012292, Diwali
-59.116614,-34.5688149, Nicco
73.5758364,19.9243252, Anjaneri
82.94679601,19.81370675, Junagarh
73.79074612,19.98190995, Saptashrungi
8.5350702,49.4863466, Shirodhara
73.0140558,26.1393255, Salawas
73.0245312,17.9950897, Harihareshwar
88.3760639,22.9052114, Hooghly
150.9827481,-33.9124986, Stunning
88.8521486,22.8795262, Ichamati
88.2595019,21.5631303, Bakkhali
2.6509223,50.0018022, Albert
74.5578484,26.4876472, Pushkar
72.9281834,19.1021546, Udayachal
95.3895606,27.2681601, Joypur
75.16267,12.2174811, Shobha
71.3644198,30.1377236, Muzafarabad
76.1255982,34.5594418, Kargil
73.7232986,24.7469309, Eklingji
1.4426,43.6029525, Rajasthani
77.48319215,19.09400875, Nanded
75.0279971,27.66241555, Sikar
73.4280974,18.4452326, Tamhini
142.383188,43.3419744, Furano
75.0118281,20.9420489, Jhiri
88.1483381,27.701126, Kangchenjunga
75.40874,23.0610957, Jhalana
76.25,24.416667, Jhalawar
79.22394188,32.9662997, Indus
-95.4780267,29.67929525, Travel
87.9833125,22.1888242, Mahishadal
11.6973741,55.5455979, Zealand
-50.5848229,64.267575, Lodge
73.7684549,26.8105777, Rajastan
76.5,27.5, ALWAR
43.3266457,42.2760627, Sukruti
76.1735064,24.5419929, Jhalrapatan
-0.12765,51.5073359, LONDON
76.88215269,27.37625875, Phad
76.76021882,26.2733683, Ramathra
77.8136006,20.9805994, Wadgaon
4.6190552,36.6001208, Lodha
-95.1610438,30.2329914, Splendora
76.9717383,33.88823, Zanskar
2.1508404,41.3965882, Feroz
71.8263406,36.0665757, Shah
16.0409482,51.7437282, Kotla
74.7936706,33.9262529, Nagam
104.4146513,29.4455566, Rong
76.76326541,34.68003015, Cachemira
-0.5032166,39.1939009, Darshan
-1.7982772,43.0370966, Murgi
-92.4920844,31.4724002, Stay
16.1242685,38.7157393, Frozen
-89.7748098,44.8914036, Marathon
77.6686439,34.0504656, Thiksey
77.1581875,10.0098707, Muttukadu
-5.6696957,57.8155948, Coast
-71.31325605,42.65023825, Tso
78.32152692,32.889283, Moriri
79.8034223,11.9355528, Thanthai
76.07160213,11.0484074, GGHSS
79.8075867,11.8948712, Ariyankuppam
78.6496578,33.2054809, Nyoma
77.5787795,34.1506546, LAHDC
77.1783232,28.5218262, Mehrauli
77.5764352,34.1651771, Tukcha
77.420193,32.7585746, Baralacha
12.3275716,47.5142224, Going
91.95226682,25.9642762, Umling
73.719388,32.9247256, Jhelum
76.8781759,33.4691405, Padum
79.8069488,10.91564885, Puducherry
78.9832056,32.7714828, Hanle
82.8151411,17.7446981, Gompa
77.5848133,34.1642029, Leh
121.0787926,5.9942808, Suru
9.9374087,64.0068519, Lines
76.4264774,34.4717857, Thang
79.3643387,33.1060304, Tsemo
18.4382413,-33.9229547, Foreshore
78.37734186,33.4662689, Changthang
76.1410448,34.5441411, Baroo
73.7605747,33.8572284, Rawalakot
80.3379693,30.0184311, Lodhi
74.8801088,34.1286093, Nishat
77.6197612,34.2486945, Khardungla
78.7026462,27.3270033, Chanari
12.635552,6.5221987, Ngati
84.1426521,18.7654044, Ratti
-96.4215265,45.7836323, Traverse
-6.1361662,43.3021106, Llamas
15.9331074,45.7176133, Exotic
75.6224155,33.3683486, Tsas
16.287193,39.398495, Rose
77.5891006,32.9883003, Tsarap
0.099991805,52.21370905, Chu
139.5033157,35.5375093, Shinku
77.1441746,33.23444515, Purne
9.8734274,46.1713553, Sunder
-3.180589816,55.9504613, Nursery
76.6319666,34.5045418, Achinathang
79.4661749,32.6873536, Zorawar
77.4940938,34.190933, Phyang
77.7834201,33.9495515, Chemrey
82.96509227,21.9243353, Sakti
82.1282859,30.3025938, Changla
93.5142008,42.817404, Hami
77.5848133,34.1642029, Leh-Ladakh
44.31150033,36.41054895, Azadi
77.6568576,33.9456407, LADAKH
-117.7926096,33.7085883, Walnut
-95.3812941,32.7577475, Wood
76.0986957,34.6055521, Hardas
77.17262583,34.22241645, Alchi
76.87543925,31.77181295, Kotli
75.1362981,33.6756087, Sadura
-97.682415,30.425027, Snowfall
3.9181117,14.8338514, Sanam
8.8907828,47.0118479, Chalen
30.8286053,60.1906686, Mor√®
-102.827274,33.1892387, Plains
168.1185724,-15.2595852, Tangole
8.1171262,45.8082479, Urial
76.8781759,33.4691405, Kargil-Padum
76.3582098,33.8642766, Pensi-la
77.2260118,28.6986766, Majnu
-92.49589936,17.37045735, Tila
73.9031195,34.3039711, Leepa
-89.2504793,37.4616454, Union
-116.4364818,44.728532, Council
73.7554663,34.0479408, Birpani
27.9286111,-25.0813889, Little
90.8749807,29.8556443, Tibet
-8.0001738,42.3152989, Puga
80.3633323,24.5461938, Bangla
80.2911705,27.1352941, Balamau
-75.0458515,-6.8699697, Peru
77.6397177,34.0713377, Shey
77.2462692,32.3710034, Rohtang
-100.445882,39.7837304, America
74.87084421,13.2319473, Vijay
-83.3785377,14.0344321, Diwas
112.2494513,30.314746, Shashi
12.7173608,55.7866129, Sundo
18.068465,59.324775, Pashmina
78.2283116,34.5198848, Shyok
-102.8149372,34.0349194, Bailey
-93.37189155,44.6325305, Territory
76.3196717,32.2143039, Dharamsala
142.7839743,-4.1832468, Bangus
-101.9104355,35.8156121, Moore
74.9953095,34.0230269, Pampore
-0.4024055,51.8910839, Baltistan
77.582612,34.1639456, Moonland
75.9327847,34.4736564, Laddakh
74.6509942,34.7057923, Losar
82.6460412,22.0308423, Champa
77.2890546,28.5636616, Okhla
-18.1059013,64.9841821, ICELAND
76.1255982,34.5594418, KARGIL
51.4254894,35.7999503, Saloor
79.9173,29.50378, Dungra
79.5,30.5, Chamoli
175.2498869,-38.0659478, Reopens
47.1802623,41.2033609, Ski
-103.4507022,46.4464651, Slope
76.1942595,34.5116393, Pashkum
-91.0118303,45.8196835, Winter
121.1297478,16.3131877, Wonderland
85.4633464,42.4804953, Xinjiang
77.4233499,33.8859985, Markha
46.5625084,35.1450892, Aryan
-0.490716,38.3405526, Always
77.2571642,32.9570253, Gumbok
116.0990672,-1.7952732, Rangan
120.8714289,14.3187215, Sacred
77.22668832,33.0636272, Kurgiakh
77.18545014,28.524413, Qutub
100.1969628,16.750239, Nobra
77.1900581,32.2504574, Manali-Leh
75.4223442,23.5865252, Barsi
78.9385164,20.5452045, Pathar
76.76326541,34.68003015, Kashmir.üçÅ
77.3412933,21.04814735, Khaspur
76.07674276,27.9981957, Narnaul
19.45583631,54.1370179, Galwan
6.1743816,49.1160688, Free
-1.965324005,43.2831658, 8th
120.4792966,-6.2979165, Muharram
11.48740126,3.8652537, Baboon
-105.2669594,40.01407945, Naropa
19.45583631,54.1370179, GALWAN
124.267482,7.3755802, Parang
75.13334686,33.9262559, Nigeen
76.1996954,34.5042038, Khardong
118.354149,63.286648, Nurba
75.9492122,34.1086443, Choskore
78.3950661,32.5305093, Gya
73.7680062,34.6282602, Jagran
-87.54729254,13.5110996, Valle
10.4478313,51.1638175, de
79.0357722,34.3352449, Kongka
16.2600983,48.0510427, Lockdown
76.3689346,34.3794737, Mulbekh
24.8963358,46.4002875, LOC
73.8820364,34.115536, Chakothi
45.934477,36.8123469, azad
77.7584195,33.486865, Tanglang
25.9561282,-3.8672264, Region
77.5325542,32.8155072, Sarchu
168.7329232,-44.3205306, Spike
-117.5664449,33.8752945, Corona
73.30758235,24.5115819, Kundal
56.169079,27.3974284, Shahi
52.3263597,27.8262811, Jamu
103.2317136,12.9256791, Battambang
104.132637,10.6314754, Kampot
106.0581733,12.6783017, Kratie
76.8482787,29.9693747, Kurukshetra
76.3217344,34.3894587, Zojila
4.8924534,52.3730796, Amsterdam
121.6131573,42.783417, Kulun
79.0883016,24.4725118, Kachra
77.1900581,32.2504574, Leh-Manali
77.33551,34.19632, Nimmoo
-81.32846798,24.7279255, Key
8.75,17.85, Air
91.36205257,27.4899082, Yarab
77.2228613,28.5966617, Athpula
1.1065082,41.9241495, Anya
-175.202642,-19.9160819, To
78.6677428,22.3511148, India.
35.3048161,32.7066301, Nazare
77.4315977,34.0545153, Rumbak
77.0926194,34.2534909, ULEYTOKPO
75.913918,27.4967566, Ajmeri
9.49167806,45.2613104, Lodi
70.9169608,25.6092718, Chadar
-9.1484855,38.7355256, Magnetic
121.4692071,31.2322758, Shanghai
116.3912757,39.906217, Beijing
76.773959,34.2827066, Lamayuru
77.2423341,28.5909417, Nizamuddin
19.0322591,54.3352789, Jantar
116.8239458,-8.614135, Mantar
74.5638115,34.7877741, Phullawai
73.5584526,34.3918733, Chanasi
77.249551,28.6206019, Indraprastha
-83.4315488,34.1139993, Nicholson
121.4257307,31.1724126, Kashmere
-84.8105037,38.4278468, NEW
10.10726943,50.9488224, U.T
77.2623265,28.5111925, Tughlaqabad
-104.984862,39.7392364, Denver
-1.797935634,53.7829874, Quora
77.514967,17.8531791, Chitta
78.9386558,26.2738295, Katha
74.51279174,34.97337725, Shounter
126.58969,34.49818, Mananli
77.211094,34.2905437, Likir
-2.1712249,53.5033155, Lowest
-80.0300805,32.8716568, Airfare
13.09164338,38.1765169, PMO
93.6763,27.57843, Neelam
81.42396131,29.1203937, Toli
5.449157219,51.10874, Peer
73.8165307,33.81015635, Banjosa
68.4670125,27.4985661, Mangla
-75.37797735,-48.75996525, Hyatt
-81.22068399,34.099207, Regency
75.750761,34.4292702, Drass
77.25998,32.75711, Patsio
77.1709729,31.1041526, SHIMLA
77.5325542,32.8155072, SARCHU
78.53166686,31.311645, SANGLA
-7.852072857,52.3988979, KEYLONG
73.6232471,24.6726022, Hundar